{
    "monoMusicDiscs": true,
    "monoNoteBlocks": true,
    "monoWeather": false,
    "monoBlocks": false,
    "monoHostile": false,
    "monoNeutral": false,
    "monoPlayers": false,
    "monoAmbient": false,
    "fadeMusicWhenMusicDiscPlaying": true,
    "fadeMusicWhenNoteBlockPlaying": true,
    "musicFadeOutTicks": 40,
    "musicFadeInTicks": 100,
    "musicDiscDistanceMultiplier": 1.0,
    "preventMusicRepeat": true,
    "customMusicFrequency": false,
    "musicFrequencyMinTicks": 20,
    "musicFrequencyMaxTicks": 6000,
    "musicFrequencyAffectMenu": false,
    "soundSpeedThunder": 100,
    "soundSpeedExplosions": 100,
    "soundSpeedOther": 0,
    "dopplerEffectIntensity": 1.0
}