{
  "fmlloader-1.20.1-47.4.6.jar (modloader)": {
    "jarName": "fmlloader-1.20.1-47.4.6.jar (modloader)",
    "modId": "forge",
    "version": "fmlloader-1.20.1-47.4.6.jar"
  },
  "aaa_particles-1.20.1-1.4.11-forge.jar": {
    "jarName": "aaa_particles-1.20.1-1.4.11-forge.jar",
    "modId": "aaa_particles",
    "version": "1.20.1-1.4.11"
  },
  "abridged-2.0.0-forge-1.20.1.jar": {
    "jarName": "abridged-2.0.0-forge-1.20.1.jar",
    "modId": "abridged",
    "version": "2.0.0"
  },
  "adorabuild-structures-2.8.0-forge-1.20.1.jar": {
    "jarName": "adorabuild-structures-2.8.0-forge-1.20.1.jar",
    "modId": "adorabuild_structures",
    "version": "2.8.0"
  },
  "advancednetherite-forge-2.1.3-1.20.1.jar": {
    "jarName": "advancednetherite-forge-2.1.3-1.20.1.jar",
    "modId": "advancednetherite",
    "version": "2.1.3"
  },
  "aeroblender-1.20.1-1.0.1-neoforge.jar": {
    "jarName": "aeroblender-1.20.1-1.0.1-neoforge.jar",
    "modId": "aeroblender",
    "version": "1.20.1-1.0.1-neoforge"
  },
  "aether-1.20.1-1.5.2-neoforge.jar": {
    "jarName": "aether-1.20.1-1.5.2-neoforge.jar",
    "modId": "aether",
    "version": "1.20.1-1.5.2-neoforge"
  },
  "aether-redux-2.0.19-1.20.1-neoforge.jar": {
    "jarName": "aether-redux-2.0.19-1.20.1-neoforge.jar",
    "modId": "aether_redux",
    "version": "2.0.19"
  },
  "aether_emissivity-1.20.1-1.0.0-neoforge.jar": {
    "jarName": "aether_emissivity-1.20.1-1.0.0-neoforge.jar",
    "modId": "aether_emissivity",
    "version": "1.20.1-1.0.0-neoforge"
  },
  "aether_enhanced_extinguishing-1.20.1-1.0.0-neoforge.jar": {
    "jarName": "aether_enhanced_extinguishing-1.20.1-1.0.0-neoforge.jar",
    "modId": "aether_enhanced_extinguishing",
    "version": "1.20.1-1.0.0-neoforge"
  },
  "aether_protect_your_moa-1.20.1-1.0.0-neoforge.jar": {
    "jarName": "aether_protect_your_moa-1.20.1-1.0.0-neoforge.jar",
    "modId": "aether_protect_your_moa",
    "version": "1.20.1-1.0.0-neoforge"
  },
  "aether_treasure_reforging-1.20.1-1.0.1-neoforge.jar": {
    "jarName": "aether_treasure_reforging-1.20.1-1.0.1-neoforge.jar",
    "modId": "aether_treasure_reforging",
    "version": "1.20.1-1.0.1-neoforge"
  },
  "AetherVillages-1.20.1-1.0.7-forge.jar": {
    "jarName": "AetherVillages-1.20.1-1.0.7-forge.jar",
    "modId": "aether_villages",
    "version": "1.0.7"
  },
  "alexsmobs-1.22.9.jar": {
    "jarName": "alexsmobs-1.22.9.jar",
    "modId": "alexsmobs",
    "version": "1.22.9"
  },
  "alltheleaks-1.0.1+1.20.1-forge.jar": {
    "jarName": "alltheleaks-1.0.1+1.20.1-forge.jar",
    "modId": "alltheleaks",
    "version": "1.0.1+1.20.1-forge"
  },
  "alternate_current-mc1.20-1.7.0.jar": {
    "jarName": "alternate_current-mc1.20-1.7.0.jar",
    "modId": "alternate_current",
    "version": "1.7.0"
  },
  "amendments-1.20-2.2.1.jar": {
    "jarName": "amendments-1.20-2.2.1.jar",
    "modId": "amendments",
    "version": "1.20-2.2.1"
  },
  "another_furniture-forge-1.20.1-3.0.2.jar": {
    "jarName": "another_furniture-forge-1.20.1-3.0.2.jar",
    "modId": "another_furniture",
    "version": "1.20.1-3.0.2"
  },
  "architectury-9.2.14-forge.jar": {
    "jarName": "architectury-9.2.14-forge.jar",
    "modId": "architectury",
    "version": "9.2.14"
  },
  "ascended_quark-1.20.1-1.1.6.jar": {
    "jarName": "ascended_quark-1.20.1-1.1.6.jar",
    "modId": "ascended_quark",
    "version": "1.1.6"
  },
  "ash_api-forge-3.0.2+1.20.1.jar": {
    "jarName": "ash_api-forge-3.0.2+1.20.1.jar",
    "modId": "ash_api",
    "version": "3.0.2+1.20.1"
  },
  "athena-forge-1.20.1-3.1.2.jar": {
    "jarName": "athena-forge-1.20.1-3.1.2.jar",
    "modId": "athena",
    "version": "3.1.2"
  },
  "Audio Improvements v1.2 - Forge 1.20.1.jar": {
    "jarName": "Audio Improvements v1.2 - Forge 1.20.1.jar",
    "modId": "audioimprovements",
    "version": "1.2"
  },
  "AutochefsDelight-1.20.1-Forge-1.0.7.jar": {
    "jarName": "AutochefsDelight-1.20.1-Forge-1.0.7.jar",
    "modId": "autochefsdelight",
    "version": "1.0.7+forge"
  },
  "azurelib-neo-1.20.1-3.0.15.jar": {
    "jarName": "azurelib-neo-1.20.1-3.0.15.jar",
    "modId": "azurelib",
    "version": "3.0.15"
  },
  "backpacked-forge-1.20.1-3.0.0-beta.9.jar": {
    "jarName": "backpacked-forge-1.20.1-3.0.0-beta.9.jar",
    "modId": "backpacked",
    "version": "3.0.0-beta.9"
  },
  "BadOptimizations-2.3.0-1.20.1.jar": {
    "jarName": "BadOptimizations-2.3.0-1.20.1.jar",
    "modId": "badoptimizations",
    "version": "2.3.0"
  },
  "baguettelib-1.20.1-Forge-1.1.0.jar": {
    "jarName": "baguettelib-1.20.1-Forge-1.1.0.jar",
    "modId": "baguettelib",
    "version": "1.1.0"
  },
  "balm-forge-1.20.1-7.3.34-all.jar": {
    "jarName": "balm-forge-1.20.1-7.3.34-all.jar",
    "modId": "balm",
    "version": "7.3.34"
  },
  "BarteringStation-v8.0.0-1.20.1-Forge.jar": {
    "jarName": "BarteringStation-v8.0.0-1.20.1-Forge.jar",
    "modId": "barteringstation",
    "version": "8.0.0"
  },
  "bclib-3.0.14.jar": {
    "jarName": "bclib-3.0.14.jar",
    "modId": "bclib",
    "version": "3.0.14"
  },
  "BeeFix-1.20-1.0.7.jar": {
    "jarName": "BeeFix-1.20-1.0.7.jar",
    "modId": "beefix",
    "version": "1.0.7"
  },
  "better-end-4.0.11.jar": {
    "jarName": "better-end-4.0.11.jar",
    "modId": "betterend",
    "version": "4.0.11"
  },
  "better-nether-9.0.10.jar": {
    "jarName": "better-nether-9.0.10.jar",
    "modId": "betternether",
    "version": "9.0.10"
  },
  "BetterAdvancements-Forge-1.20.1-0.4.2.25.jar": {
    "jarName": "BetterAdvancements-Forge-1.20.1-0.4.2.25.jar",
    "modId": "betteradvancements",
    "version": "0.4.2.25"
  },
  "BetterCompatibilityChecker-forge-4.0.8+mc1.20.1.jar": {
    "jarName": "BetterCompatibilityChecker-forge-4.0.8+mc1.20.1.jar",
    "modId": "bcc",
    "version": "4.0.8"
  },
  "betterend-crashed-ships-1.0.0.jar": {
    "jarName": "betterend-crashed-ships-1.0.0.jar",
    "modId": "betterend-crashed-ships",
    "version": "1.0.0"
  },
  "BetterModsButton-v8.0.2-1.20.1-Forge.jar": {
    "jarName": "BetterModsButton-v8.0.2-1.20.1-Forge.jar",
    "modId": "bettermodsbutton",
    "version": "8.0.2"
  },
  "betterworldloading20-1.0.jar": {
    "jarName": "betterworldloading20-1.0.jar",
    "modId": "betterworldloading20",
    "version": "1.0"
  },
  "BHMenu-Forge-1.20.1-2.4.2.jar": {
    "jarName": "BHMenu-Forge-1.20.1-2.4.2.jar",
    "modId": "bhmenu",
    "version": "2.4.2"
  },
  "biomemusic-1.20.1-3.5.jar": {
    "jarName": "biomemusic-1.20.1-3.5.jar",
    "modId": "biomemusic",
    "version": "1.20.1-3.5"
  },
  "BiomesOPlenty-forge-1.20.1-19.0.0.96.jar": {
    "jarName": "BiomesOPlenty-forge-1.20.1-19.0.0.96.jar",
    "modId": "biomesoplenty",
    "version": "19.0.0.96"
  },
  "blossom.jar": {
    "jarName": "blossom.jar",
    "modId": "mr_blossom_blade",
    "version": "1.2"
  },
  "blue_skies-1.20.1-1.3.31.jar": {
    "jarName": "blue_skies-1.20.1-1.3.31.jar",
    "modId": "blue_skies",
    "version": "1.3.31"
  },
  "blueprint-1.20.1-7.1.3.jar": {
    "jarName": "blueprint-1.20.1-7.1.3.jar",
    "modId": "blueprint",
    "version": "7.1.3"
  },
  "blueprintfix-forge-1.0.0-1.20.1.jar": {
    "jarName": "blueprintfix-forge-1.0.0-1.20.1.jar",
    "modId": "blueprintfix",
    "version": "1.0.0"
  },
  "bmcpalegardenpatcher-0.1.0.jar": {
    "jarName": "bmcpalegardenpatcher-0.1.0.jar",
    "modId": "bmcpalegardenpatcher",
    "version": "0.1.0"
  },
  "boatload-1.20.1-5.0.1.jar": {
    "jarName": "boatload-1.20.1-5.0.1.jar",
    "modId": "boatload",
    "version": "5.0.1"
  },
  "Bookshelf-Forge-1.20.1-20.2.13.jar": {
    "jarName": "Bookshelf-Forge-1.20.1-20.2.13.jar",
    "modId": "bookshelf",
    "version": "20.2.13"
  },
  "Bountiful-6.0.4+1.20.1-forge.jar": {
    "jarName": "Bountiful-6.0.4+1.20.1-forge.jar",
    "modId": "bountiful",
    "version": "6.0.4+1.20.1"
  },
  "bygonenether-1.3.2-1.20.x.jar": {
    "jarName": "bygonenether-1.3.2-1.20.x.jar",
    "modId": "bygonenether",
    "version": "1.3.2"
  },
  "caelus-forge-3.2.0+1.20.1.jar": {
    "jarName": "caelus-forge-3.2.0+1.20.1.jar",
    "modId": "caelus",
    "version": "3.2.0+1.20.1"
  },
  "carryon-forge-1.20.1-2.1.2.7.jar": {
    "jarName": "carryon-forge-1.20.1-2.1.2.7.jar",
    "modId": "carryon",
    "version": "2.1.2.7"
  },
  "cerulean-forge-1.0.0-1.20.1.jar": {
    "jarName": "cerulean-forge-1.0.0-1.20.1.jar",
    "modId": "cerulean",
    "version": "1.0.0"
  },
  "charmofundying-forge-6.5.0+1.20.1.jar": {
    "jarName": "charmofundying-forge-6.5.0+1.20.1.jar",
    "modId": "charmofundying",
    "version": "6.5.0+1.20.1"
  },
  "chat_heads-0.13.18-forge-1.20.jar": {
    "jarName": "chat_heads-0.13.18-forge-1.20.jar",
    "modId": "chat_heads",
    "version": "0.13.18"
  },
  "chefs-delight-1.0.3-forge-1.20.1.jar": {
    "jarName": "chefs-delight-1.0.3-forge-1.20.1.jar",
    "modId": "chefsdelight",
    "version": "1.0.3-forge-1.20.1"
  },
  "cherishedworlds-forge-6.1.7+1.20.1.jar": {
    "jarName": "cherishedworlds-forge-6.1.7+1.20.1.jar",
    "modId": "cherishedworlds",
    "version": "6.1.7+1.20.1"
  },
  "chipped-forge-1.20.1-3.0.7.jar": {
    "jarName": "chipped-forge-1.20.1-3.0.7.jar",
    "modId": "chipped",
    "version": "3.0.7"
  },
  "chunkactivitytracker-forge-1.0.1-1.20.1.jar": {
    "jarName": "chunkactivitytracker-forge-1.0.1-1.20.1.jar",
    "modId": "chunkactivitytracker",
    "version": "1.0.1"
  },
  "chunksending-1.20.1-2.8.jar": {
    "jarName": "chunksending-1.20.1-2.8.jar",
    "modId": "chunksending",
    "version": "1.20.1-2.8"
  },
  "citadel-2.6.2-1.20.1.jar": {
    "jarName": "citadel-2.6.2-1.20.1.jar",
    "modId": "citadel",
    "version": "2.6.2"
  },
  "citresewn-1.20.1-5.jar": {
    "jarName": "citresewn-1.20.1-5.jar",
    "modId": "citresewn",
    "version": "1.20.1-5"
  },
  "clientcrafting-1.20.1-1.8.jar": {
    "jarName": "clientcrafting-1.20.1-1.8.jar",
    "modId": "clientcrafting",
    "version": "1.20.1-1.8"
  },
  "clientsort-forge-2.0.0-beta.13+1.20.1.jar": {
    "jarName": "clientsort-forge-2.0.0-beta.13+1.20.1.jar",
    "modId": "clientsort",
    "version": "2.0.0-beta.13+1.20.1"
  },
  "ClimateRivers-v20.1.0-1.20.1-Forge.jar": {
    "jarName": "ClimateRivers-v20.1.0-1.20.1-Forge.jar",
    "modId": "climaterivers",
    "version": "20.1.0"
  },
  "cloth-config-11.1.136-forge.jar": {
    "jarName": "cloth-config-11.1.136-forge.jar",
    "modId": "cloth_config",
    "version": "11.1.136"
  },
  "Clumps-forge-1.20.1-12.0.0.4.jar": {
    "jarName": "Clumps-forge-1.20.1-12.0.0.4.jar",
    "modId": "clumps",
    "version": "12.0.0.4"
  },
  "collective-1.20.1-8.3.jar": {
    "jarName": "collective-1.20.1-8.3.jar",
    "modId": "collective",
    "version": "8.3"
  },
  "comforts-forge-6.4.0+1.20.1.jar": {
    "jarName": "comforts-forge-6.4.0+1.20.1.jar",
    "modId": "comforts",
    "version": "6.4.0+1.20.1"
  },
  "ConfiguredDefaults-v8.0.4-1.20.1-Forge.jar": {
    "jarName": "ConfiguredDefaults-v8.0.4-1.20.1-Forge.jar"
  },
  "connectivity-1.20.1-7.1.jar": {
    "jarName": "connectivity-1.20.1-7.1.jar",
    "modId": "connectivity",
    "version": "1.20.1-7.1"
  },
  "Connector-1.0.0-beta.46+1.20.1.jar": {
    "jarName": "Connector-1.0.0-beta.46+1.20.1.jar"
  },
  "ConnectorExtras-1.11.2+1.20.1.jar": {
    "jarName": "ConnectorExtras-1.11.2+1.20.1.jar",
    "modId": "connectorextras",
    "version": "1.11.2+1.20.1"
  },
  "continuity-3.0.0+1.20.1.forge.jar": {
    "jarName": "continuity-3.0.0+1.20.1.forge.jar",
    "modId": "continuity",
    "version": "3.0.0+1.20.1.forge"
  },
  "Controlling-forge-1.20.1-12.0.2.jar": {
    "jarName": "Controlling-forge-1.20.1-12.0.2.jar",
    "modId": "controlling",
    "version": "12.0.2"
  },
  "coroutil-forge-1.20.1-1.3.7.jar": {
    "jarName": "coroutil-forge-1.20.1-1.3.7.jar",
    "modId": "coroutil",
    "version": "1.20.1-1.3.7"
  },
  "corpse-forge-1.20.1-1.0.21.jar": {
    "jarName": "corpse-forge-1.20.1-1.0.21.jar",
    "modId": "corpse",
    "version": "1.20.1-1.0.21"
  },
  "corpsecurioscompat-1.20.1-Forge-3.1.2.jar": {
    "jarName": "corpsecurioscompat-1.20.1-Forge-3.1.2.jar",
    "modId": "corpsecurioscompat",
    "version": "3.1.2"
  },
  "CrabbersDelight-1.20.1-1.1.7e.jar": {
    "jarName": "CrabbersDelight-1.20.1-1.1.7e.jar",
    "modId": "crabbersdelight",
    "version": "1.1.7e"
  },
  "CrashAssistant-forge-1.19-1.20.1-1.9.15.jar": {
    "jarName": "CrashAssistant-forge-1.19-1.20.1-1.9.15.jar",
    "modId": "crash_assistant",
    "version": "1.9.15"
  },
  "crashexploitfixer-forge-1.1.0+1.20.1.jar": {
    "jarName": "crashexploitfixer-forge-1.1.0+1.20.1.jar",
    "modId": "crashexploitfixer",
    "version": "1.1.0"
  },
  "crawlondemand-1.20.x-1.0.0.jar": {
    "jarName": "crawlondemand-1.20.x-1.0.0.jar",
    "modId": "crawlondemand",
    "version": "1.20.x-1.0.0"
  },
  "cristellib-1.1.6-forge.jar": {
    "jarName": "cristellib-1.1.6-forge.jar",
    "modId": "cristellib",
    "version": "1.1.6"
  },
  "cupboard-1.20.1-2.7.jar": {
    "jarName": "cupboard-1.20.1-2.7.jar",
    "modId": "cupboard",
    "version": "1.20.1-2.7"
  },
  "curios-forge-5.14.1+1.20.1.jar": {
    "jarName": "curios-forge-5.14.1+1.20.1.jar",
    "modId": "curios",
    "version": "5.14.1+1.20.1"
  },
  "CutThrough-v8.0.2-1.20.1-Forge.jar": {
    "jarName": "CutThrough-v8.0.2-1.20.1-Forge.jar",
    "modId": "cutthrough",
    "version": "8.0.2"
  },
  "decorative_blocks-forge-1.20.1-4.1.3.jar": {
    "jarName": "decorative_blocks-forge-1.20.1-4.1.3.jar",
    "modId": "decorative_blocks",
    "version": "4.1.3"
  },
  "deep_aether-1.20.1-1.1.7.jar": {
    "jarName": "deep_aether-1.20.1-1.1.7.jar",
    "modId": "deep_aether",
    "version": "1.20.1-1.1.7"
  },
  "deeper_and_darker_to_cataclysm-withtools-forge-1.20.1.jar": {
    "jarName": "deeper_and_darker_to_cataclysm-withtools-forge-1.20.1.jar",
    "modId": "deeper_and_darker_to_cataclysm",
    "version": "1.0.0"
  },
  "deeperdarker-forge-1.20.1-1.3.3.jar": {
    "jarName": "deeperdarker-forge-1.20.1-1.3.3.jar",
    "modId": "deeperdarker",
    "version": "1.3.3"
  },
  "DeleteWorldsToTrash-v8.0.0-1.20.1-Forge.jar": {
    "jarName": "DeleteWorldsToTrash-v8.0.0-1.20.1-Forge.jar",
    "modId": "deleteworldstotrash",
    "version": "8.0.0"
  },
  "Delightful-1.20.1-3.7.4.jar": {
    "jarName": "Delightful-1.20.1-3.7.4.jar",
    "modId": "delightful",
    "version": "3.7.4"
  },
  "despawntweaks-forge-1.0.0-1.20.1.jar": {
    "jarName": "despawntweaks-forge-1.0.0-1.20.1.jar",
    "modId": "despawntweaks",
    "version": "1.0.0"
  },
  "deuf-1.20.1-1.3.jar": {
    "jarName": "deuf-1.20.1-1.3.jar",
    "modId": "deuf",
    "version": "1.20.1-1.3"
  },
  "DiagonalFences-v8.1.5-1.20.1-Forge.jar": {
    "jarName": "DiagonalFences-v8.1.5-1.20.1-Forge.jar",
    "modId": "diagonalfences",
    "version": "8.1.5"
  },
  "DiagonalWalls-v8.0.4-1.20.1-Forge.jar": {
    "jarName": "DiagonalWalls-v8.0.4-1.20.1-Forge.jar",
    "modId": "diagonalwalls",
    "version": "8.0.4"
  },
  "dimensionalsycnfixes-1.20.1-0.0.1.jar": {
    "jarName": "dimensionalsycnfixes-1.20.1-0.0.1.jar",
    "modId": "dimensionalsycnfixes",
    "version": "1.20.1-0.0.1"
  },
  "distraction_free_recipes-forge-1.2.1-1.20.1.jar": {
    "jarName": "distraction_free_recipes-forge-1.2.1-1.20.1.jar",
    "modId": "distraction_free_recipes",
    "version": "1.2.1"
  },
  "does_it_tick-forge-1.1.4-1.20.1.jar": {
    "jarName": "does_it_tick-forge-1.1.4-1.20.1.jar",
    "modId": "does_it_tick",
    "version": "1.1.4"
  },
  "dragon_mounts_patches-1.0.0.jar": {
    "jarName": "dragon_mounts_patches-1.0.0.jar",
    "modId": "dragon_mounts_patches",
    "version": "1.0.0"
  },
  "dragonmounts-1.20.1-1.2.3-beta.jar": {
    "jarName": "dragonmounts-1.20.1-1.2.3-beta.jar",
    "modId": "dragonmounts",
    "version": "1.2.3-beta"
  },
  "drippyloadingscreen_forge_3.0.12_MC_1.20.1.jar": {
    "jarName": "drippyloadingscreen_forge_3.0.12_MC_1.20.1.jar",
    "modId": "drippyloadingscreen",
    "version": "3.0.12"
  },
  "dungeons-and-taverns-ancient-city-overhaul-1 [Forge].jar": {
    "jarName": "dungeons-and-taverns-ancient-city-overhaul-1 [Forge].jar",
    "modId": "mr_dungeons_andtavernsancientcityoverhaul",
    "version": "1"
  },
  "DungeonsArise-1.20.x-2.1.58-release.jar": {
    "jarName": "DungeonsArise-1.20.x-2.1.58-release.jar",
    "modId": "dungeons_arise",
    "version": "2.1.58-1.20.x"
  },
  "earlybedtime-forge-1.0.0-1.20.1.jar": {
    "jarName": "earlybedtime-forge-1.0.0-1.20.1.jar",
    "modId": "earlybedtime",
    "version": "1.0.0"
  },
  "EasyAnvils-v8.0.2-1.20.1-Forge.jar": {
    "jarName": "EasyAnvils-v8.0.2-1.20.1-Forge.jar",
    "modId": "easyanvils",
    "version": "8.0.2"
  },
  "easydisenchanting-forge-1.0.1-1.20.1.jar": {
    "jarName": "easydisenchanting-forge-1.0.1-1.20.1.jar",
    "modId": "easydisenchanting",
    "version": "1.0.1"
  },
  "EasyMagic-v8.0.1-1.20.1-Forge.jar": {
    "jarName": "EasyMagic-v8.0.1-1.20.1-Forge.jar",
    "modId": "easymagic",
    "version": "8.0.1"
  },
  "Eldritch_End-FORGE-MC1.20.1-0.3.4.jar": {
    "jarName": "Eldritch_End-FORGE-MC1.20.1-0.3.4.jar",
    "modId": "eldritch_end",
    "version": "0.3.4"
  },
  "elevatorid-1.20.1-1.9.1-forge.jar": {
    "jarName": "elevatorid-1.20.1-1.9.1-forge.jar",
    "modId": "elevatorid",
    "version": "1.20.1-1.9.1-forge"
  },
  "ElysiumAPI-1.20.1-1.1.3.jar": {
    "jarName": "ElysiumAPI-1.20.1-1.1.3.jar",
    "modId": "elysium_api",
    "version": "1.1.3"
  },
  "elytraslot-forge-6.4.4+1.20.1.jar": {
    "jarName": "elytraslot-forge-6.4.4+1.20.1.jar",
    "modId": "elytraslot",
    "version": "6.4.4+1.20.1"
  },
  "EnchantmentDescriptions-Forge-1.20.1-17.1.19.jar": {
    "jarName": "EnchantmentDescriptions-Forge-1.20.1-17.1.19.jar",
    "modId": "enchdesc",
    "version": "17.1.19"
  },
  "endersdelight-forge-1.20.1-1.1.3.jar": {
    "jarName": "endersdelight-forge-1.20.1-1.1.3.jar",
    "modId": "endersdelight",
    "version": "1.1.3"
  },
  "entity_model_features_forge_1.20.1-2.4.1.jar": {
    "jarName": "entity_model_features_forge_1.20.1-2.4.1.jar",
    "modId": "entity_model_features",
    "version": "2.4.1"
  },
  "entity_texture_features_forge_1.20.1-6.2.9.jar": {
    "jarName": "entity_texture_features_forge_1.20.1-6.2.9.jar",
    "modId": "entity_texture_features",
    "version": "6.2.9"
  },
  "entityculling-forge-1.8.2-mc1.20.1.jar": {
    "jarName": "entityculling-forge-1.8.2-mc1.20.1.jar",
    "modId": "entityculling",
    "version": "1.8.2"
  },
  "EpheroLib-1.20.1-FORGE-1.2.0.jar": {
    "jarName": "EpheroLib-1.20.1-FORGE-1.2.0.jar",
    "modId": "epherolib",
    "version": "0.1.2"
  },
  "EuphoriaPatcher-1.6.5-r5.5.1-forge.jar": {
    "jarName": "EuphoriaPatcher-1.6.5-r5.5.1-forge.jar",
    "modId": "euphoria_patcher",
    "version": "1.6.5-r5.5.1-forge"
  },
  "everycomp-1.20-2.9.0-forge.jar": {
    "jarName": "everycomp-1.20-2.9.0-forge.jar",
    "modId": "everycomp",
    "version": "1.20-2.9.0"
  },
  "explorations-forge-1.20.1-1.6.1.jar": {
    "jarName": "explorations-forge-1.20.1-1.6.1.jar",
    "modId": "explorations",
    "version": "1.20.1-1.6.1"
  },
  "extra_compat-1.5.25.jar": {
    "jarName": "extra_compat-1.5.25.jar",
    "modId": "extra_compat",
    "version": "1.5.25"
  },
  "fabric-api-0.92.6+1.11.14+1.20.1.jar": {
    "jarName": "fabric-api-0.92.6+1.11.14+1.20.1.jar",
    "modId": "fabric_api",
    "version": "0.92.6+1.11.14+1.20.1"
  },
  "fallingleaves-1.20.1-2.1.2.jar": {
    "jarName": "fallingleaves-1.20.1-2.1.2.jar",
    "modId": "fallingleaves",
    "version": "2.1.2"
  },
  "FallingTree-1.20.1-4.3.4.jar": {
    "jarName": "FallingTree-1.20.1-4.3.4.jar",
    "modId": "fallingtree",
    "version": "4.3.4"
  },
  "fancymenu_forge_3.7.0_MC_1.20.1.jar": {
    "jarName": "fancymenu_forge_3.7.0_MC_1.20.1.jar",
    "modId": "fancymenu",
    "version": "3.7.0"
  },
  "FarmersDelight-1.20.1-1.2.9.jar": {
    "jarName": "FarmersDelight-1.20.1-1.2.9.jar",
    "modId": "farmersdelight",
    "version": "1.20.1-1.2.9"
  },
  "FarmersStructures-1.0.3-1.20.jar": {
    "jarName": "FarmersStructures-1.0.3-1.20.jar",
    "modId": "farmers_structures",
    "version": "1.0.0"
  },
  "farsight-1.20.1-3.7.jar": {
    "jarName": "farsight-1.20.1-3.7.jar",
    "modId": "farsight_view",
    "version": "1.20.1-3.7"
  },
  "fast-ip-ping-v1.0.7-mc1.20.4-forge.jar": {
    "jarName": "fast-ip-ping-v1.0.7-mc1.20.4-forge.jar",
    "modId": "fastipping",
    "version": "1.0.7"
  },
  "fastasyncworldsave-1.20.1-2.4.jar": {
    "jarName": "fastasyncworldsave-1.20.1-2.4.jar",
    "modId": "fastasyncworldsave",
    "version": "1.20.1-2.4"
  },
  "fasterrandom-5.1.0.jar": {
    "jarName": "fasterrandom-5.1.0.jar",
    "modId": "faster-random",
    "version": "5.1.0"
  },
  "FastItemFrames-v20.1.3-1.20.1-Forge.jar": {
    "jarName": "FastItemFrames-v20.1.3-1.20.1-Forge.jar",
    "modId": "fastitemframes",
    "version": "20.1.3"
  },
  "fastpaintings-1.20-1.2.7.jar": {
    "jarName": "fastpaintings-1.20-1.2.7.jar",
    "modId": "fastpaintings",
    "version": "1.20-1.2.7"
  },
  "Feature-Recycler-forge-1.0.1.jar": {
    "jarName": "Feature-Recycler-forge-1.0.1.jar",
    "modId": "featurerecycler",
    "version": "1.0.1"
  },
  "ferritecore-6.0.1-forge.jar": {
    "jarName": "ferritecore-6.0.1-forge.jar",
    "modId": "ferritecore",
    "version": "6.0.1"
  },
  "flib-1.20.1-0.0.15.jar": {
    "jarName": "flib-1.20.1-0.0.15.jar",
    "modId": "flib",
    "version": "0.0.15"
  },
  "foolproof-forge-1.0.1-1.20.1.jar": {
    "jarName": "foolproof-forge-1.0.1-1.20.1.jar",
    "modId": "foolproof",
    "version": "1.0.1"
  },
  "ForgeConfigScreens-v8.0.2-1.20.1-Forge.jar": {
    "jarName": "ForgeConfigScreens-v8.0.2-1.20.1-Forge.jar",
    "modId": "forgeconfigscreens",
    "version": "8.0.2"
  },
  "forgery-3.6.2+1.20.jar": {
    "jarName": "forgery-3.6.2+1.20.jar",
    "modId": "fabrication",
    "version": "3.6.2+1.20"
  },
  "formations-1.0.4-forge-mc1.20.2.jar": {
    "jarName": "formations-1.0.4-forge-mc1.20.2.jar",
    "modId": "formations",
    "version": "1.0.4"
  },
  "formationsnether-1.0.5.jar": {
    "jarName": "formationsnether-1.0.5.jar",
    "modId": "formationsnether",
    "version": "1.0.5"
  },
  "formationsoverworld-1.0.5-mc1.20.jar": {
    "jarName": "formationsoverworld-1.0.5-mc1.20.jar",
    "modId": "formationsoverworld",
    "version": "1.0.5"
  },
  "framework-forge-1.20.1-0.7.15.jar": {
    "jarName": "framework-forge-1.20.1-0.7.15.jar",
    "modId": "framework",
    "version": "0.7.15"
  },
  "friendsandfoes-forge-mc1.20.1-3.0.9.jar": {
    "jarName": "friendsandfoes-forge-mc1.20.1-3.0.9.jar",
    "modId": "friendsandfoes",
    "version": "3.0.9"
  },
  "ftb-library-forge-2001.2.10.jar": {
    "jarName": "ftb-library-forge-2001.2.10.jar",
    "modId": "ftblibrary",
    "version": "2001.2.10"
  },
  "ftb-quests-forge-2001.4.14.jar": {
    "jarName": "ftb-quests-forge-2001.4.14.jar",
    "modId": "ftbquests",
    "version": "2001.4.14"
  },
  "ftb-teams-forge-2001.3.1.jar": {
    "jarName": "ftb-teams-forge-2001.3.1.jar",
    "modId": "ftbteams",
    "version": "2001.3.1"
  },
  "ftb-xmod-compat-forge-2.1.3.jar": {
    "jarName": "ftb-xmod-compat-forge-2.1.3.jar",
    "modId": "ftbxmodcompat",
    "version": "2.1.3"
  },
  "ftbquestsfreezefix-forge-1.0.0-1.20.1.jar": {
    "jarName": "ftbquestsfreezefix-forge-1.0.0-1.20.1.jar",
    "modId": "ftbquestsfreezefix",
    "version": "1.0.0"
  },
  "fzzy_config-0.7.2+1.20.1+forge.jar": {
    "jarName": "fzzy_config-0.7.2+1.20.1+forge.jar",
    "modId": "fzzy_config",
    "version": "0.7.2+1.20.1+forge"
  },
  "gallery-1.20.1-1.0.3.jar": {
    "jarName": "gallery-1.20.1-1.0.3.jar",
    "modId": "gallery",
    "version": "1.0.3"
  },
  "Galosphere-1.20.1-1.4.1-Forge.jar": {
    "jarName": "Galosphere-1.20.1-1.4.1-Forge.jar",
    "modId": "galosphere",
    "version": "1.20.1-1.4.1"
  },
  "gardens-of-the-dead-forge-4.0.1.jar": {
    "jarName": "gardens-of-the-dead-forge-4.0.1.jar",
    "modId": "gardens_of_the_dead",
    "version": "4.0.1"
  },
  "geckolib-forge-1.20.1-4.7.3.jar": {
    "jarName": "geckolib-forge-1.20.1-4.7.3.jar",
    "modId": "geckolib",
    "version": "4.7.3"
  },
  "Geophilic v3.4.3 f15-80.mod.jar": {
    "jarName": "Geophilic v3.4.3 f15-80.mod.jar",
    "modId": "geophilic",
    "version": "3.4.3"
  },
  "GeophilicReforged-v1.2.0.jar": {
    "jarName": "GeophilicReforged-v1.2.0.jar",
    "modId": "geophilic_reforged",
    "version": "1.2.0"
  },
  "GlitchCore-forge-1.20.1-0.0.1.1.jar": {
    "jarName": "GlitchCore-forge-1.20.1-0.0.1.1.jar",
    "modId": "glitchcore",
    "version": "0.0.1.1"
  },
  "goblintraders-forge-1.20.1-1.11.5.jar": {
    "jarName": "goblintraders-forge-1.20.1-1.11.5.jar",
    "modId": "goblintraders",
    "version": "1.11.5"
  },
  "gpumemleakfix-1.20.1-1.8.jar": {
    "jarName": "gpumemleakfix-1.20.1-1.8.jar",
    "modId": "gpumemleakfix",
    "version": "1.20.1-1.8"
  },
  "Grass_Overhaul-Forge-23.10.10-MC1.20.1.jar": {
    "jarName": "Grass_Overhaul-Forge-23.10.10-MC1.20.1.jar",
    "modId": "grassoverhaul",
    "version": "23.10.10"
  },
  "guardvillagers-1.20.1-1.6.11.jar": {
    "jarName": "guardvillagers-1.20.1-1.6.11.jar",
    "modId": "guardvillagers",
    "version": "1.20.1-1.6.11"
  },
  "handcrafted-forge-1.20.1-3.0.6.jar": {
    "jarName": "handcrafted-forge-1.20.1-3.0.6.jar",
    "modId": "handcrafted",
    "version": "3.0.6"
  },
  "hearth_and_home-forge-1.20.1-2.0.3.jar": {
    "jarName": "hearth_and_home-forge-1.20.1-2.0.3.jar",
    "modId": "hearth_and_home",
    "version": "1.20.1-2.0.3"
  },
  "Hearths v1.0.4 f12-80.mod.jar": {
    "jarName": "Hearths v1.0.4 f12-80.mod.jar",
    "modId": "hearths",
    "version": "1.0.4"
  },
  "Highlighter-1.20.1-forge-1.1.9.jar": {
    "jarName": "Highlighter-1.20.1-forge-1.1.9.jar",
    "modId": "highlighter",
    "version": "1.1.9"
  },
  "Iceberg-1.20.1-forge-1.1.25.jar": {
    "jarName": "Iceberg-1.20.1-forge-1.1.25.jar",
    "modId": "iceberg",
    "version": "1.1.25"
  },
  "IllagerInvasion-v8.0.7-1.20.1-Forge.jar": {
    "jarName": "IllagerInvasion-v8.0.7-1.20.1-Forge.jar",
    "modId": "illagerinvasion",
    "version": "8.0.7"
  },
  "ImmediatelyFast-Forge-1.5.1+1.20.4.jar": {
    "jarName": "ImmediatelyFast-Forge-1.5.1+1.20.4.jar",
    "modId": "immediatelyfast",
    "version": "1.5.1+1.20.4"
  },
  "immersivearmorhud-forge-1.0.1-1.20.1.jar": {
    "jarName": "immersivearmorhud-forge-1.0.1-1.20.1.jar",
    "modId": "immersivearmorhud",
    "version": "1.0.1"
  },
  "immersivelanterns-forge-1.0.6-1.20.1.jar": {
    "jarName": "immersivelanterns-forge-1.0.6-1.20.1.jar",
    "modId": "immersivelanterns",
    "version": "1.0.6"
  },
  "immersivemessages-forge-1.0.18-1.20.1.jar": {
    "jarName": "immersivemessages-forge-1.0.18-1.20.1.jar",
    "modId": "immersivemessages",
    "version": "1.0.18"
  },
  "immersivetips-forge-1.0.2-1.20.1.jar": {
    "jarName": "immersivetips-forge-1.0.2-1.20.1.jar",
    "modId": "immersivetips",
    "version": "1.0.1"
  },
  "improved-village-placement-1.1.1.jar": {
    "jarName": "improved-village-placement-1.1.1.jar",
    "modId": "improved_village_placement",
    "version": "1.1.1"
  },
  "incubation-1.20.1-4.0.4.jar": {
    "jarName": "incubation-1.20.1-4.0.4.jar",
    "modId": "incubation",
    "version": "4.0.4"
  },
  "item-filters-forge-2001.1.0-build.59.jar": {
    "jarName": "item-filters-forge-2001.1.0-build.59.jar",
    "modId": "itemfilters",
    "version": "2001.1.0-build.59"
  },
  "Jade-1.20.1-Forge-11.13.2.jar": {
    "jarName": "Jade-1.20.1-Forge-11.13.2.jar",
    "modId": "jade",
    "version": "11.13.2+forge"
  },
  "Jadens-Nether-Expansion-2.3.5.jar": {
    "jarName": "Jadens-Nether-Expansion-2.3.5.jar",
    "modId": "netherexp",
    "version": "2.3.5"
  },
  "jei-1.20.1-forge-15.20.0.112.jar": {
    "jarName": "jei-1.20.1-forge-15.20.0.112.jar",
    "modId": "jei",
    "version": "15.20.0.112"
  },
  "justenoughbreeding-forge-1.20-1.20.1-1.5.0.jar": {
    "jarName": "justenoughbreeding-forge-1.20-1.20.1-1.5.0.jar",
    "modId": "justenoughbreeding",
    "version": "1.5.0"
  },
  "JustEnoughProfessions-forge-1.20.1-3.0.1.jar": {
    "jarName": "JustEnoughProfessions-forge-1.20.1-3.0.1.jar",
    "modId": "justenoughprofessions",
    "version": "3.0.1"
  },
  "JustEnoughResources-1.20.1-1.4.0.247.jar": {
    "jarName": "JustEnoughResources-1.20.1-1.4.0.247.jar",
    "modId": "jeresources",
    "version": "1.4.0.247"
  },
  "justzoom_forge_2.1.1_MC_1.20.1.jar": {
    "jarName": "justzoom_forge_2.1.1_MC_1.20.1.jar",
    "modId": "justzoom",
    "version": "2.1.1"
  },
  "Kambrik-6.1.1+1.20.1-forge.jar": {
    "jarName": "Kambrik-6.1.1+1.20.1-forge.jar",
    "modId": "kambrik",
    "version": "6.1.1+1.20.1"
  },
  "Kiwi-1.20.1-Forge-11.9.2.jar": {
    "jarName": "Kiwi-1.20.1-Forge-11.9.2.jar",
    "modId": "kiwi",
    "version": "11.9.2+forge"
  },
  "kleeslabs-forge-1.20.1-15.0.9.jar": {
    "jarName": "kleeslabs-forge-1.20.1-15.0.9.jar",
    "modId": "kleeslabs",
    "version": "15.0.9"
  },
  "konkrete_forge_1.8.0_MC_1.20-1.20.1.jar": {
    "jarName": "konkrete_forge_1.8.0_MC_1.20-1.20.1.jar",
    "modId": "konkrete",
    "version": "1.8.0"
  },
  "kotlinforforge-4.11.0-all.jar": {
    "jarName": "kotlinforforge-4.11.0-all.jar"
  },
  "KryptonReforged-0.2.3.jar": {
    "jarName": "KryptonReforged-0.2.3.jar",
    "modId": "krypton",
    "version": "0.2.3"
  },
  "L_Enders_Cataclysm-3.16.jar": {
    "jarName": "L_Enders_Cataclysm-3.16.jar",
    "modId": "cataclysm",
    "version": "3.16"
  },
  "LeavesBeGone-v8.0.0-1.20.1-Forge.jar": {
    "jarName": "LeavesBeGone-v8.0.0-1.20.1-Forge.jar",
    "modId": "leavesbegone",
    "version": "8.0.0"
  },
  "lionfishapi-2.4-Fix.jar": {
    "jarName": "lionfishapi-2.4-Fix.jar",
    "modId": "lionfishapi",
    "version": "2.4-Fix"
  },
  "lithostitched-forge-1.20.1-1.4.11.jar": {
    "jarName": "lithostitched-forge-1.20.1-1.4.11.jar",
    "modId": "lithostitched",
    "version": "1.4.11"
  },
  "lmft-1.0.4+1.20.1-forge.jar": {
    "jarName": "lmft-1.0.4+1.20.1-forge.jar",
    "modId": "lmft",
    "version": "1.0.4+1.20.1"
  },
  "Log-Begone-Forge-1.20.1-1.0.8.jar": {
    "jarName": "Log-Begone-Forge-1.20.1-1.0.8.jar",
    "modId": "logbegone",
    "version": "1.0.8"
  },
  "LongerChatHistory-1.3-Forge.jar": {
    "jarName": "LongerChatHistory-1.3-Forge.jar",
    "modId": "longerchathistory",
    "version": "1.3"
  },
  "LongNbtKiller-Forge-1.20.1-1.0.0.jar": {
    "jarName": "LongNbtKiller-Forge-1.20.1-1.0.0.jar",
    "modId": "longnbtkiller",
    "version": "1.0.0"
  },
  "lootintegrations-1.20.1-4.7.jar": {
    "jarName": "lootintegrations-1.20.1-4.7.jar",
    "modId": "lootintegrations",
    "version": "1.20.1-4.7"
  },
  "lootintegrations_yungs-1.4.jar": {
    "jarName": "lootintegrations_yungs-1.4.jar",
    "modId": "lootintegrations_yungs",
    "version": "1"
  },
  "lost_aether_content-1.20.1-1.2.3.jar": {
    "jarName": "lost_aether_content-1.20.1-1.2.3.jar",
    "modId": "lost_aether_content",
    "version": "1.2.3"
  },
  "luna_minecraft-forge-5.3.1.jar": {
    "jarName": "luna_minecraft-forge-5.3.1.jar",
    "modId": "luna_minecraft",
    "version": "5.3.1"
  },
  "MagnumTorch-v8.0.2-1.20.1-Forge.jar": {
    "jarName": "MagnumTorch-v8.0.2-1.20.1-Forge.jar",
    "modId": "magnumtorch",
    "version": "8.0.2"
  },
  "mediumcore-1.0.0.jar": {
    "jarName": "mediumcore-1.0.0.jar",
    "modId": "mediumcore",
    "version": "1.0.0"
  },
  "melody_forge_1.0.3_MC_1.20.1-1.20.4.jar": {
    "jarName": "melody_forge_1.0.3_MC_1.20.1-1.20.4.jar",
    "modId": "melody",
    "version": "1.0.2"
  },
  "memorysettings-1.20.1-5.9.jar": {
    "jarName": "memorysettings-1.20.1-5.9.jar",
    "modId": "memorysettings",
    "version": "1.20.1-5.9"
  },
  "mes-1.4.6-1.20.jar": {
    "jarName": "mes-1.4.6-1.20.jar",
    "modId": "mes",
    "version": "1.4.6-1.20-forge"
  },
  "midnightlib-forge-1.4.2.jar": {
    "jarName": "midnightlib-forge-1.4.2.jar",
    "modId": "midnightlib",
    "version": "1.4.2"
  },
  "MindfulDarkness-v8.0.3-1.20.1-Forge.jar": {
    "jarName": "MindfulDarkness-v8.0.3-1.20.1-Forge.jar",
    "modId": "mindfuldarkness",
    "version": "8.0.3"
  },
  "miningspeedtooltips-forge-1.0.0-1.20.1.jar": {
    "jarName": "miningspeedtooltips-forge-1.0.0-1.20.1.jar",
    "modId": "miningspeedtooltips",
    "version": "1.0.0"
  },
  "misctweaks-1.1.3+1.20.1.jar": {
    "jarName": "misctweaks-1.1.3+1.20.1.jar",
    "modId": "misctweaks",
    "version": "1.1.3"
  },
  "mixintracereforged-forge-1.0.0-1.20.1.jar": {
    "jarName": "mixintracereforged-forge-1.0.0-1.20.1.jar",
    "modId": "mixintracereforged",
    "version": "1.0.0"
  },
  "mns-1.0.3-1.20-forge.jar": {
    "jarName": "mns-1.0.3-1.20-forge.jar",
    "modId": "mns",
    "version": "1.0.3-1.20-forge"
  },
  "modernfix-forge-5.24.4+mc1.20.1.jar": {
    "jarName": "modernfix-forge-5.24.4+mc1.20.1.jar",
    "modId": "modernfix",
    "version": "5.24.4+mc1.20.1"
  },
  "modpack-update-checker-1.20.1-forge-0.15.6.jar": {
    "jarName": "modpack-update-checker-1.20.1-forge-0.15.6.jar",
    "modId": "modpackupdatechecker",
    "version": "0.15.6"
  },
  "moonlight-1.20-2.16.5-forge.jar": {
    "jarName": "moonlight-1.20-2.16.5-forge.jar",
    "modId": "moonlight",
    "version": "1.20-2.16.5"
  },
  "MouseTweaks-forge-mc1.20.1-2.25.1.jar": {
    "jarName": "MouseTweaks-forge-mc1.20.1-2.25.1.jar",
    "modId": "mousetweaks",
    "version": "2.25.1"
  },
  "mowzies_cataclysm-1.2.0.jar": {
    "jarName": "mowzies_cataclysm-1.2.0.jar",
    "modId": "mowzies_cataclysm",
    "version": "1.2.0"
  },
  "mowziesmobs-1.7.3.jar": {
    "jarName": "mowziesmobs-1.7.3.jar",
    "modId": "mowziesmobs",
    "version": "1.7.3"
  },
  "mvs-4.1.5-1.20.jar": {
    "jarName": "mvs-4.1.5-1.20.jar",
    "modId": "mvs",
    "version": "4.1.5-1.20-forge"
  },
  "MyNethersDelight-1.20.1-0.1.8.jar": {
    "jarName": "MyNethersDelight-1.20.1-0.1.8.jar",
    "modId": "mynethersdelight",
    "version": "1.20.1-1.7.5"
  },
  "NaNny-1.0.1.jar": {
    "jarName": "NaNny-1.0.1.jar",
    "modId": "nanny",
    "version": "1.0.1"
  },
  "NaturesCompass-1.20.1-1.11.2-forge.jar": {
    "jarName": "NaturesCompass-1.20.1-1.11.2-forge.jar",
    "modId": "naturescompass",
    "version": "1.20.1-1.11.2-forge"
  },
  "Necronomicon-Forge-1.6.0+1.20.1.jar": {
    "jarName": "Necronomicon-Forge-1.6.0+1.20.1.jar",
    "modId": "necronomicon",
    "version": "1.6.0"
  },
  "NekosEnchantedBooks-1.19.3-2.0.3.jar": {
    "jarName": "NekosEnchantedBooks-1.19.3-2.0.3.jar",
    "modId": "nebs",
    "version": "2.0.3"
  },
  "Neruina-2.1.2-forge+1.20.1.jar": {
    "jarName": "Neruina-2.1.2-forge+1.20.1.jar",
    "modId": "neruina",
    "version": "2.1.2"
  },
  "NetherChested-v8.0.4-1.20.1-Forge.jar": {
    "jarName": "NetherChested-v8.0.4-1.20.1-Forge.jar",
    "modId": "netherchested",
    "version": "8.0.4"
  },
  "netherportalfix-forge-1.20-13.0.1.jar": {
    "jarName": "netherportalfix-forge-1.20-13.0.1.jar",
    "modId": "netherportalfix",
    "version": "13.0.1"
  },
  "NightConfigFixes-v8.0.0-1.20.1-Forge.jar": {
    "jarName": "NightConfigFixes-v8.0.0-1.20.1-Forge.jar",
    "modId": "nightconfigfixes",
    "version": "8.0.0"
  },
  "no-report-button-forge-1.5.0.jar": {
    "jarName": "no-report-button-forge-1.5.0.jar",
    "modId": "noreportbutton",
    "version": "1.5.0"
  },
  "NoChatReports-FORGE-1.20.1-v2.2.2.jar": {
    "jarName": "NoChatReports-FORGE-1.20.1-v2.2.2.jar",
    "modId": "nochatreports",
    "version": "1.20.1-v2.2.2"
  },
  "noisium-forge-2.3.0+mc1.20-1.20.1.jar": {
    "jarName": "noisium-forge-2.3.0+mc1.20-1.20.1.jar",
    "modId": "noisium",
    "version": "2.3.0+mc1.20-1.20.1"
  },
  "notenoughanimations-forge-1.10.1-mc1.20.1.jar": {
    "jarName": "notenoughanimations-forge-1.10.1-mc1.20.1.jar",
    "modId": "notenoughanimations",
    "version": "1.10.1"
  },
  "oceansdelight-1.0.2-1.20.jar": {
    "jarName": "oceansdelight-1.0.2-1.20.jar",
    "modId": "oceansdelight",
    "version": "1.0.2-1.20"
  },
  "oculus-mc1.20.1-1.8.0.jar": {
    "jarName": "oculus-mc1.20.1-1.8.0.jar",
    "modId": "oculus",
    "version": "1.8.0"
  },
  "open-parties-and-claims-forge-1.20.1-0.25.3.jar": {
    "jarName": "open-parties-and-claims-forge-1.20.1-0.25.3.jar",
    "modId": "openpartiesandclaims",
    "version": "0.25.3"
  },
  "OverflowingBars-v8.0.1-1.20.1-Forge.jar": {
    "jarName": "OverflowingBars-v8.0.1-1.20.1-Forge.jar",
    "modId": "overflowingbars",
    "version": "8.0.1"
  },
  "packanalytics-forge-1.0.4-1.20.1.jar": {
    "jarName": "packanalytics-forge-1.0.4-1.20.1.jar",
    "modId": "packanalytics",
    "version": "1.0.4"
  },
  "packetfixer-3.1.4-1.18-1.20.4-merged.jar": {
    "jarName": "packetfixer-3.1.4-1.18-1.20.4-merged.jar",
    "modId": "packetfixer",
    "version": "3.1.4"
  },
  "palegarden-1.0.7-forge-1.20.1.jar": {
    "jarName": "palegarden-1.0.7-forge-1.20.1.jar",
    "modId": "palegarden",
    "version": "1.0.7"
  },
  "particle_core-0.2.6+1.20.1+forge.jar": {
    "jarName": "particle_core-0.2.6+1.20.1+forge.jar",
    "modId": "particle_core",
    "version": "0.2.6+1.20.1+forge"
  },
  "ParticleEffects-1.0.5+1.20.1.jar": {
    "jarName": "ParticleEffects-1.0.5+1.20.1.jar",
    "modId": "particle-effects",
    "version": "1.0.5+1.20.1"
  },
  "Patchouli-1.20.1-84.1-FORGE.jar": {
    "jarName": "Patchouli-1.20.1-84.1-FORGE.jar",
    "modId": "patchouli",
    "version": "1.20.1-84.1-FORGE"
  },
  "Paxi-1.20-Forge-4.0.jar": {
    "jarName": "Paxi-1.20-Forge-4.0.jar",
    "modId": "paxi",
    "version": "1.20-Forge-4.0"
  },
  "pet_cemetery-1.20.1-2.0.0.jar": {
    "jarName": "pet_cemetery-1.20.1-2.0.0.jar",
    "modId": "pet_cemetery",
    "version": "2.0.0"
  },
  "Philips-Ruins1.20.1-5.5.jar": {
    "jarName": "Philips-Ruins1.20.1-5.5.jar",
    "modId": "philipsruins",
    "version": "5.5"
  },
  "PickUpNotifier-v8.0.0-1.20.1-Forge.jar": {
    "jarName": "PickUpNotifier-v8.0.0-1.20.1-Forge.jar",
    "modId": "pickupnotifier",
    "version": "8.0.0"
  },
  "Ping-Wheel-1.10.3-forge-1.20.1.jar": {
    "jarName": "Ping-Wheel-1.10.3-forge-1.20.1.jar",
    "modId": "pingwheel",
    "version": "1.10.3"
  },
  "polymorph-forge-0.49.10+1.20.1.jar": {
    "jarName": "polymorph-forge-0.49.10+1.20.1.jar",
    "modId": "polymorph",
    "version": "0.49.10+1.20.1"
  },
  "puffish_biome_dither-0.1.1-1.19.2-forge.jar": {
    "jarName": "puffish_biome_dither-0.1.1-1.19.2-forge.jar",
    "modId": "puffish_biome_dither",
    "version": "0.1.1"
  },
  "PuzzlesLib-v8.1.33-1.20.1-Forge.jar": {
    "jarName": "PuzzlesLib-v8.1.33-1.20.1-Forge.jar",
    "modId": "puzzleslib",
    "version": "8.1.33"
  },
  "Quark-4.0-462.jar": {
    "jarName": "Quark-4.0-462.jar",
    "modId": "quark",
    "version": "4.0-462"
  },
  "Quest Kill Task-0.2.0+1.20.1-forge.jar": {
    "jarName": "Quest Kill Task-0.2.0+1.20.1-forge.jar",
    "modId": "questkilltask",
    "version": "0.2.0+1.20.1-forge"
  },
  "radium-mc1.20.1-0.12.4+git.26c9d8e.jar": {
    "jarName": "radium-mc1.20.1-0.12.4+git.26c9d8e.jar",
    "modId": "radium",
    "version": "0.12.4+git.26c9d8e"
  },
  "Raided-1.20.1-0.1.4.jar": {
    "jarName": "Raided-1.20.1-0.1.4.jar",
    "modId": "raided",
    "version": "0.1.4"
  },
  "recipeessentials-1.20.1-4.0.jar": {
    "jarName": "recipeessentials-1.20.1-4.0.jar",
    "modId": "recipeessentials",
    "version": "1.20.1-4.0"
  },
  "redirected-forge-1.0.0-1.20.1.jar": {
    "jarName": "redirected-forge-1.0.0-1.20.1.jar",
    "modId": "redirected",
    "version": "1.0.0"
  },
  "reintegrated_chipped-1.0.0.jar": {
    "jarName": "reintegrated_chipped-1.0.0.jar",
    "modId": "reintegrated_chipped",
    "version": "1.0.0"
  },
  "repurposed_structures-7.1.19+1.20.1-forge.jar": {
    "jarName": "repurposed_structures-7.1.19+1.20.1-forge.jar",
    "modId": "repurposed_structures",
    "version": "7.1.19+1.20.1-forge"
  },
  "resourcefulconfig-forge-1.20.1-2.1.3.jar": {
    "jarName": "resourcefulconfig-forge-1.20.1-2.1.3.jar",
    "modId": "resourcefulconfig",
    "version": "2.1.3"
  },
  "resourcefullib-forge-1.20.1-2.1.29.jar": {
    "jarName": "resourcefullib-forge-1.20.1-2.1.29.jar",
    "modId": "resourcefullib",
    "version": "2.1.29"
  },
  "ResourcePackOverrides-v8.0.3-1.20.1-Forge.jar": {
    "jarName": "ResourcePackOverrides-v8.0.3-1.20.1-Forge.jar",
    "modId": "resourcepackoverrides",
    "version": "8.0.3"
  },
  "revampedwolf-1.20.1-6.1.0.jar": {
    "jarName": "revampedwolf-1.20.1-6.1.0.jar",
    "modId": "revampedwolf",
    "version": "1.20.1-6.1.0"
  },
  "sawmill-1.20-1.4.8.jar": {
    "jarName": "sawmill-1.20-1.4.8.jar",
    "modId": "sawmill",
    "version": "1.20-1.4.8"
  },
  "Searchables-forge-1.20.1-1.0.3.jar": {
    "jarName": "Searchables-forge-1.20.1-1.0.3.jar",
    "modId": "searchables",
    "version": "1.0.3"
  },
  "SereneSeasons-forge-1.20.1-9.1.0.2.jar": {
    "jarName": "SereneSeasons-forge-1.20.1-9.1.0.2.jar",
    "modId": "sereneseasons",
    "version": "9.1.0.2"
  },
  "ServerBrowser-1.20.1-FORGE-1.3.2.jar": {
    "jarName": "ServerBrowser-1.20.1-FORGE-1.3.2.jar",
    "modId": "serverbrowser",
    "version": "1.0.0"
  },
  "ShieldExpansion-1.20.1-1.2.2.jar": {
    "jarName": "ShieldExpansion-1.20.1-1.2.2.jar",
    "modId": "shieldexp",
    "version": "1.2.2"
  },
  "simple_snowy_fix-forge-2.1.4.jar": {
    "jarName": "simple_snowy_fix-forge-2.1.4.jar",
    "modId": "simple_snowy_fix",
    "version": "2.1.4"
  },
  "SimpleDiscordRichPresence-forge-4.0.3-build.40+mc1.20.1.jar": {
    "jarName": "SimpleDiscordRichPresence-forge-4.0.3-build.40+mc1.20.1.jar",
    "modId": "sdrp",
    "version": "4.0.3-build.40+mc1.20.1"
  },
  "SimpleStorageNetwork-1.20.1-1.12.2.jar": {
    "jarName": "SimpleStorageNetwork-1.20.1-1.12.2.jar",
    "modId": "storagenetwork",
    "version": "1.12.2"
  },
  "SkeletonAIFix-v20.1.1-1.20.1-Forge.jar": {
    "jarName": "SkeletonAIFix-v20.1.1-1.20.1-Forge.jar",
    "modId": "skeletonaifix",
    "version": "20.1.1"
  },
  "skinlayers3d-forge-1.9.0-mc1.20.1.jar": {
    "jarName": "skinlayers3d-forge-1.9.0-mc1.20.1.jar",
    "modId": "skinlayers3d",
    "version": "1.9.0"
  },
  "smarterfarmers-1.20-2.1.2.jar": {
    "jarName": "smarterfarmers-1.20-2.1.2.jar",
    "modId": "smarterfarmers",
    "version": "1.20-2.1.2"
  },
  "smoothchunk-1.20.1-4.1.jar": {
    "jarName": "smoothchunk-1.20.1-4.1.jar",
    "modId": "smoothchunk",
    "version": "1.20.1-4.1"
  },
  "SnowRealMagic-1.20.1-Forge-10.6.5.jar": {
    "jarName": "SnowRealMagic-1.20.1-Forge-10.6.5.jar",
    "modId": "snowrealmagic",
    "version": "10.6.5"
  },
  "snowundertrees-1.20.1-1.4.12.jar": {
    "jarName": "snowundertrees-1.20.1-1.4.12.jar",
    "modId": "snowundertrees",
    "version": "1.4.12"
  },
  "sodiumdynamiclights-forge-1.0.10-1.20.1.jar": {
    "jarName": "sodiumdynamiclights-forge-1.0.10-1.20.1.jar",
    "modId": "sodiumdynamiclights",
    "version": "1.0.9"
  },
  "sodiumoptionsapi-forge-1.0.10-1.20.1.jar": {
    "jarName": "sodiumoptionsapi-forge-1.0.10-1.20.1.jar",
    "modId": "sodiumoptionsapi",
    "version": "1.0.10"
  },
  "sodiumoptionsmodcompat-forge-1.0.0-1.20.1.jar": {
    "jarName": "sodiumoptionsmodcompat-forge-1.0.0-1.20.1.jar",
    "modId": "sodiumoptionsmodcompat",
    "version": "1.0.0"
  },
  "sound-physics-remastered-forge-1.20.1-1.4.15.jar": {
    "jarName": "sound-physics-remastered-forge-1.20.1-1.4.15.jar",
    "modId": "sound_physics_remastered",
    "version": "1.20.1-1.4.15"
  },
  "spark-1.10.53-forge.jar": {
    "jarName": "spark-1.10.53-forge.jar",
    "modId": "spark",
    "version": "1.10.53"
  },
  "sparsestructures-forge-1.20.1-3.0.jar": {
    "jarName": "sparsestructures-forge-1.20.1-3.0.jar",
    "modId": "sparsestructures",
    "version": "3.0"
  },
  "spawnersplus-4.3.3-1.20.1.jar": {
    "jarName": "spawnersplus-4.3.3-1.20.1.jar",
    "modId": "spawners_plus",
    "version": "4.3.3-1.20.1"
  },
  "stalwart-dungeons-1.20.1-1.2.8.jar": {
    "jarName": "stalwart-dungeons-1.20.1-1.2.8.jar",
    "modId": "stalwart_dungeons",
    "version": "1.2.8"
  },
  "Stoneworks-v8.0.0-1.20.1-Forge.jar": {
    "jarName": "Stoneworks-v8.0.0-1.20.1-Forge.jar",
    "modId": "stoneworks",
    "version": "8.0.0"
  },
  "Stony Cliffs FML v1.1.2.jar": {
    "jarName": "Stony Cliffs FML v1.1.2.jar",
    "modId": "stonycliffs",
    "version": "1.1.2"
  },
  "Structory_1.20.x_v1.3.5.jar": {
    "jarName": "Structory_1.20.x_v1.3.5.jar",
    "modId": "structory",
    "version": "1.3.5"
  },
  "Structory_Towers_1.20.x_v1.0.7.jar": {
    "jarName": "Structory_Towers_1.20.x_v1.0.7.jar",
    "modId": "structory_towers",
    "version": "1.0.7"
  },
  "structure_gel-1.20.1-2.16.2.jar": {
    "jarName": "structure_gel-1.20.1-2.16.2.jar",
    "modId": "structure_gel",
    "version": "2.16.2"
  },
  "structure_layout_optimizer-forge-1.0.10.jar": {
    "jarName": "structure_layout_optimizer-forge-1.0.10.jar",
    "modId": "structure_layout_optimizer",
    "version": "1.0.10"
  },
  "structureessentials-1.20.1-4.8.jar": {
    "jarName": "structureessentials-1.20.1-4.8.jar",
    "modId": "structureessentials",
    "version": "1.20.1-4.8"
  },
  "StylishEffects-v8.0.2-1.20.1-Forge.jar": {
    "jarName": "StylishEffects-v8.0.2-1.20.1-Forge.jar",
    "modId": "stylisheffects",
    "version": "8.0.2"
  },
  "supplementaries-1.20-3.1.37.jar": {
    "jarName": "supplementaries-1.20-3.1.37.jar",
    "modId": "supplementaries",
    "version": "1.20-3.1.37"
  },
  "suppsquared-1.20-1.1.23.jar": {
    "jarName": "suppsquared-1.20-1.1.23.jar",
    "modId": "suppsquared",
    "version": "1.20-1.1.23"
  },
  "takesapillage-1.0.3-1.20.1.jar": {
    "jarName": "takesapillage-1.0.3-1.20.1.jar",
    "modId": "takesapillage",
    "version": "1.0.3"
  },
  "temporalapi-1.6.7.jar": {
    "jarName": "temporalapi-1.6.7.jar",
    "modId": "temporalapi",
    "version": "1.6.7"
  },
  "TerraBlender-forge-1.20.1-3.0.1.10.jar": {
    "jarName": "TerraBlender-forge-1.20.1-3.0.1.10.jar",
    "modId": "terrablender",
    "version": "3.0.1.10"
  },
  "the-conjurer-1.20.1-1.1.6.jar": {
    "jarName": "the-conjurer-1.20.1-1.1.6.jar",
    "modId": "conjurer_illager",
    "version": "1.1.6"
  },
  "Towns-and-Towers-1.12-Fabric+Forge.jar": {
    "jarName": "Towns-and-Towers-1.12-Fabric+Forge.jar",
    "modId": "t_and_t",
    "version": "1.10.2"
  },
  "TradingPost-v8.0.2-1.20.1-Forge.jar": {
    "jarName": "TradingPost-v8.0.2-1.20.1-Forge.jar",
    "modId": "tradingpost",
    "version": "8.0.2"
  },
  "transparent-forge-8.0.1+1.20.1.jar": {
    "jarName": "transparent-forge-8.0.1+1.20.1.jar",
    "modId": "transparent",
    "version": "8.0.1+1.20.1"
  },
  "Twigs-1.20.1-3.1.0.jar": {
    "jarName": "Twigs-1.20.1-3.1.0.jar",
    "modId": "twigs",
    "version": "1.20.1-3.1.1"
  },
  "twilightdelight-2.0.17.jar": {
    "jarName": "twilightdelight-2.0.17.jar",
    "modId": "twilightdelight",
    "version": "2.0.17"
  },
  "twilightforest-1.20.1-4.3.2508-universal.jar": {
    "jarName": "twilightforest-1.20.1-4.3.2508-universal.jar",
    "modId": "twilightforest",
    "version": "4.3.2508"
  },
  "txnilib-forge-1.0.24-1.20.1.jar": {
    "jarName": "txnilib-forge-1.0.24-1.20.1.jar",
    "modId": "txnilib",
    "version": "1.0.24"
  },
  "ucrashedlol-0.0.3+1.20.1.jar": {
    "jarName": "ucrashedlol-0.0.3+1.20.1.jar",
    "modId": "ucrashedlol",
    "version": "0.0.3+1.20.1"
  },
  "umbral_skies-1.3.jar": {
    "jarName": "umbral_skies-1.3.jar",
    "modId": "umbral_skies",
    "version": "1.3"
  },
  "underlay-1.20.1-v0.9.6-f.jar": {
    "jarName": "underlay-1.20.1-v0.9.6-f.jar",
    "modId": "underlay",
    "version": "0.9.6"
  },
  "v_slab_compat-1.20-2.5.jar": {
    "jarName": "v_slab_compat-1.20-2.5.jar",
    "modId": "v_slab_compat",
    "version": "1.20-2.5"
  },
  "veinmining-forge-1.5.0+1.20.1.jar": {
    "jarName": "veinmining-forge-1.5.0+1.20.1.jar",
    "modId": "veinmining",
    "version": "1.5.0+1.20.1"
  },
  "villagernames-1.20.1-8.2.jar": {
    "jarName": "villagernames-1.20.1-8.2.jar",
    "modId": "villagernames",
    "version": "8.2"
  },
  "VillagersPlus_3.1_(FORGE)_for_1.20.1.jar": {
    "jarName": "VillagersPlus_3.1_(FORGE)_for_1.20.1.jar",
    "modId": "villagersplus",
    "version": "3.1"
  },
  "villagesandpillages-forge-mc1.20.1-1.0.2.jar": {
    "jarName": "villagesandpillages-forge-mc1.20.1-1.0.2.jar",
    "modId": "villagesandpillages",
    "version": "1.0.2"
  },
  "visuality-forge-2.0.2.jar": {
    "jarName": "visuality-forge-2.0.2.jar",
    "modId": "visuality",
    "version": "2.0.2"
  },
  "VisualWorkbench-v8.0.1-1.20.1-Forge.jar": {
    "jarName": "VisualWorkbench-v8.0.1-1.20.1-Forge.jar",
    "modId": "visualworkbench",
    "version": "8.0.1"
  },
  "voidtotem-forge-1.20-3.0.1.jar": {
    "jarName": "voidtotem-forge-1.20-3.0.1.jar",
    "modId": "voidtotem",
    "version": "3.0.1"
  },
  "watut-forge-1.20.1-1.2.3.jar": {
    "jarName": "watut-forge-1.20.1-1.2.3.jar",
    "modId": "watut",
    "version": "1.20.1-1.2.3"
  },
  "waystones-forge-1.20.1-14.1.17.jar": {
    "jarName": "waystones-forge-1.20.1-14.1.17.jar",
    "modId": "waystones",
    "version": "14.1.17"
  },
  "whatareyouvotingfor2023-1.20.1-1.2.5.jar": {
    "jarName": "whatareyouvotingfor2023-1.20.1-1.2.5.jar",
    "modId": "whatareyouvotingfor",
    "version": "1.2.5"
  },
  "wither_spawn_fix-1.0.0.jar": {
    "jarName": "wither_spawn_fix-1.0.0.jar",
    "modId": "wither_spawn_fix",
    "version": "1.0.0"
  },
  "XaeroPlus-2.28.0+forge-1.20.1-WM1.39.12-MM25.2.10.jar": {
    "jarName": "XaeroPlus-2.28.0+forge-1.20.1-WM1.39.12-MM25.2.10.jar",
    "modId": "xaeroplus",
    "version": "2.28.0"
  },
  "Xaeros_Minimap_25.2.10_Forge_1.20.jar": {
    "jarName": "Xaeros_Minimap_25.2.10_Forge_1.20.jar",
    "modId": "xaerominimap",
    "version": "25.2.10"
  },
  "XaerosWorldMap_1.39.12_Forge_1.20.jar": {
    "jarName": "XaerosWorldMap_1.39.12_Forge_1.20.jar",
    "modId": "xaeroworldmap",
    "version": "1.39.12"
  },
  "xenon-0.3.31+mc1.20.1.jar": {
    "jarName": "xenon-0.3.31+mc1.20.1.jar",
    "modId": "xenon",
    "version": "0.3.31"
  },
  "xptome-1.20.1-2.2.1.jar": {
    "jarName": "xptome-1.20.1-2.2.1.jar",
    "modId": "xpbook",
    "version": "2.2.1"
  },
  "YungsApi-1.20-Forge-4.0.6.jar": {
    "jarName": "YungsApi-1.20-Forge-4.0.6.jar",
    "modId": "yungsapi",
    "version": "1.20-Forge-4.0.6"
  },
  "YungsBetterDungeons-1.20-Forge-4.0.4.jar": {
    "jarName": "YungsBetterDungeons-1.20-Forge-4.0.4.jar",
    "modId": "betterdungeons",
    "version": "1.20-Forge-4.0.4"
  },
  "YungsBetterEndIsland-1.20-Forge-2.0.6.jar": {
    "jarName": "YungsBetterEndIsland-1.20-Forge-2.0.6.jar",
    "modId": "betterendisland",
    "version": "1.20-Forge-2.0.6"
  },
  "YungsBetterJungleTemples-1.20-Forge-2.0.5.jar": {
    "jarName": "YungsBetterJungleTemples-1.20-Forge-2.0.5.jar",
    "modId": "betterjungletemples",
    "version": "1.20-Forge-2.0.5"
  },
  "YungsBetterMineshafts-1.20-Forge-4.0.4.jar": {
    "jarName": "YungsBetterMineshafts-1.20-Forge-4.0.4.jar",
    "modId": "bettermineshafts",
    "version": "1.20-Forge-4.0.4"
  },
  "YungsBetterNetherFortresses-1.20-Forge-2.0.6.jar": {
    "jarName": "YungsBetterNetherFortresses-1.20-Forge-2.0.6.jar",
    "modId": "betterfortresses",
    "version": "1.20-Forge-2.0.6"
  },
  "YungsBetterOceanMonuments-1.20-Forge-3.0.4.jar": {
    "jarName": "YungsBetterOceanMonuments-1.20-Forge-3.0.4.jar",
    "modId": "betteroceanmonuments",
    "version": "1.20-Forge-3.0.4"
  },
  "YungsBetterStrongholds-1.20-Forge-4.0.3.jar": {
    "jarName": "YungsBetterStrongholds-1.20-Forge-4.0.3.jar",
    "modId": "betterstrongholds",
    "version": "1.20-Forge-4.0.3"
  },
  "YungsBetterWitchHuts-1.20-Forge-3.0.3.jar": {
    "jarName": "YungsBetterWitchHuts-1.20-Forge-3.0.3.jar",
    "modId": "betterwitchhuts",
    "version": "1.20-Forge-3.0.3"
  },
  "YungsCaveBiomes-1.20.1-Forge-2.0.5.jar": {
    "jarName": "YungsCaveBiomes-1.20.1-Forge-2.0.5.jar",
    "modId": "yungscavebiomes",
    "version": "1.20.1-Forge-2.0.5"
  },
  "YungsMenuTweaks-1.20.1-Forge-1.0.2.jar": {
    "jarName": "YungsMenuTweaks-1.20.1-Forge-1.0.2.jar",
    "modId": "yungsmenutweaks",
    "version": "1.20.1-Forge-1.0.2"
  },
  "Zeta-1.0-30.jar": {
    "jarName": "Zeta-1.0-30.jar",
    "modId": "zeta",
    "version": "1.0-30"
  }
}